{
  "name": "newsquiz",
  "title": "newsquiz",
  "description": "Creates a quiz from a google spreadsheet.",
  "version": "0.1.0",
  "homepage": "https://github.com/motherjones/newsquiz",
  "author": {
    "name": "Ben Breedlove",
    "email": "benbreedlove@gmail.com",
    "url": "http://www.motherjones.com/"
  },
  "repository": {
    "type": "git",
    "url": "git://github.com/motherjones/newsquiz.git"
  },
  "bugs": {
    "url": "https://github.com/motherjones/newsquiz/issues"
  },
  "licenses": [
    {
      "type": "MIT",
      "url": "https://github.com/motherjones/newsquiz/blob/master/LICENSE-MIT"
    },
    {
      "type": "GPL",
      "url": "https://github.com/motherjones/newsquiz/blob/master/LICENSE-GPL"
    }
  ],
  "dependencies": {
    "jquery": ">= 1.6"
  },
  "keywords": []
}
